{
  "L4": {
    "flops_avg_times": {
      "2.84": 3.333770001745506e-05,
      "3.01": 2.949390001276697e-05,
      "3.16": 3.331754999180703e-05,
      "3.30": 2.8529749965855444e-05,
      "3.43": 3.277229999412157e-05,
      "3.54": 3.046145003509082e-05,
      "3.64": 3.073010000207432e-05,
      "3.74": 2.8132699969773967e-05,
      "3.83": 2.8791799991267908e-05,
      "3.99": 3.7688600025376216e-05,
      "4.07": 2.9594849979730498e-05,
      "4.14": 3.4544950040071853e-05,
      "4.27": 3.3536050011662155e-05,
      "4.39": 3.510779999942315e-05,
      "4.49": 3.289225003300089e-05,
      "4.60": 3.4835400003885295e-05,
      "4.69": 3.7825899960353125e-05,
      "4.78": 3.2620499985114294e-05,
      "4.90": 3.09085000367304e-05,
      "4.97": 3.1712400004835215e-05,
      "5.07": 3.43728999951054e-05,
      "5.17": 2.9288650000580674e-05,
      "5.29": 2.8519249985947682e-05,
      "5.40": 4.7656449999067264e-05,
      "5.50": 4.70230500013713e-05,
      "5.59": 3.59908999939762e-05,
      "5.70": 3.447274999643923e-05,
      "5.80": 2.8502249972461868e-05,
      "5.89": 3.40394499858121e-05,
      "5.99": 3.418434998820885e-05,
      "6.09": 3.396720001092035e-05,
      "6.19": 3.054844995631356e-05,
      "6.29": 3.303259998119756e-05,
      "6.39": 3.4168749994023526e-05,
      "6.49": 3.0541450007604e-05,
      "6.59": 3.5234250003668424e-05,
      "6.69": 2.8157750023183326e-05,
      "6.79": 2.840480000259049e-05,
      "6.90": 3.0139450007027336e-05,
      "6.99": 3.0333799998061295e-05,
      "7.10": 3.0001949971847354e-05,
      "7.20": 2.8201150007589605e-05,
      "7.30": 2.9050800026197977e-05,
      "7.40": 3.316570002880326e-05,
      "7.49": 3.123479998521361e-05,
      "7.60": 3.063885004621625e-05,
      "7.70": 2.879679998386564e-05,
      "7.80": 2.88009000087186e-05,
      "7.90": 3.1753500002196235e-05,
      "8.00": 2.8487349970873767e-05,
      "8.10": 3.3793950012750426e-05,
      "8.20": 3.347325003915103e-05,
      "8.30": 3.3490299983895966e-05,
      "8.40": 3.544099999999162e-05,
      "8.50": 3.6324249981589675e-05,
      "8.60": 5.0648699982502876e-05,
      "8.70": 3.2645699991462604e-05,
      "8.80": 3.51290000253357e-05,
      "8.90": 4.901434998600962e-05,
      "9.00": 5.893125002103261e-05,
      "9.10": 6.496559997231089e-05,
      "9.20": 8.222815001772688e-05,
      "9.30": 8.720050001329583e-05,
      "9.40": 6.782739998243415e-05,
      "9.50": 7.289760000048773e-05,
      "9.60": 0.0001219132499954867,
      "9.70": 0.00013624535001781622,
      "9.80": 0.00013694349999013867,
      "9.90": 0.00022622950002642027,
      "10.00": 0.00024549404998879253,
      "10.10": 0.00023389065000856135,
      "10.20": 0.00040115304998380454,
      "10.30": 0.00030376380001371215,
      "10.40": 0.0004634768499840902,
      "10.50": 0.0008209554500467675,
      "10.60": 0.0007183158999964689,
      "10.70": 0.0008573223500093263,
      "10.80": 0.0017170173500062446,
      "10.90": 0.0020818520500256454,
      "11.00": 0.0017746385499890494,
      "11.10": 0.00350313509999296,
      "11.20": 0.0040363016500236885,
      "11.30": 0.005247670399990056,
      "11.40": 0.00652603174999058,
      "11.50": 0.008607601050016456,
      "11.60": 0.008365575250013534,
      "11.70": 0.00875865730000669,
      "11.80": 0.016760588250008368,
      "11.90": 0.01732801229998131,
      "12.00": 0.025893058350015964,
      "12.10": 0.028263152699992133,
      "12.20": 0.04269175414998472,
      "12.30": 0.04116296225001861,
      "12.40": 0.0677902883999991,
      "12.50": 0.0834324031499932,
      "12.60": 0.10738805565003987,
      "12.70": 0.11419796244999816,
      "12.80": 0.14473383005002916,
      "12.90": 0.1791441745499583,
      "13.00": 0.26678166685005633,
      "13.10": 0.33795796004998235,
      "13.20": 0.3101590426999678,
      "13.30": 0.5441953837500136,
      "13.40": 0.6057574394999733,
      "13.50": 0.8615738451999959,
      "13.60": 1.0791985398000066,
      "13.70": 1.4073893948999854,
      "13.80": 1.8132168069000045,
      "13.90": 2.042944445950036,
      "14.00": 2.3893720602999906
    },
    "flops_delay_factors": {
      "2.84": 5880264.871883473,
      "3.01": 3485119.0444773473,
      "3.16": 2765036.7277151234,
      "3.30": 1726049.8729342541,
      "3.43": 1489649.9997327984,
      "3.54": 1066503.3143072885,
      "3.64": 846231.702378469,
      "3.74": 620272.7216367803,
      "3.83": 516119.6739175432,
      "3.99": 464107.5313525872,
      "4.07": 307011.0466004278,
      "4.14": 304704.6912704982,
      "4.27": 219083.36310393698,
      "4.39": 174572.35965851077,
      "4.49": 127358.79212777945,
      "4.60": 107074.21126022762,
      "4.69": 93831.9302801002,
      "4.78": 66246.19009430414,
      "4.90": 47576.945151185355,
      "4.97": 41122.260808739076,
      "5.07": 35057.240508165625,
      "5.17": 23917.008490378073,
      "5.29": 17726.3769227196,
      "5.40": 23065.721799548555,
      "5.50": 18066.951970500962,
      "5.59": 11159.997589259297,
      "5.70": 8340.837421703014,
      "5.80": 5484.13050622692,
      "5.89": 5293.821925884041,
      "5.99": 4194.705032029181,
      "6.09": 3346.2497059404536,
      "6.19": 2373.4553792494175,
      "6.29": 2059.6458399549547,
      "6.39": 1687.4586236062107,
      "6.49": 1183.780165661288,
      "6.59": 1091.416128113633,
      "6.69": 692.3919631773982,
      "6.79": 552.1900071708707,
      "6.90": 462.29525590905433,
      "6.99": 373.5385507597615,
      "7.10": 291.37439727091675,
      "7.20": 216.50252416842568,
      "7.30": 176.8471607868467,
      "7.40": 160.68694292753946,
      "7.49": 120.9411455427471,
      "7.60": 93.13651065416234,
      "7.70": 69.97631204998237,
      "7.80": 55.74806178126433,
      "7.90": 48.448890913052196,
      "8.00": 34.58310391240344,
      "8.10": 32.67554287321016,
      "8.20": 25.64964624177676,
      "8.30": 20.41415647276804,
      "8.40": 17.153443999995943,
      "8.50": 13.9563146108709,
      "8.60": 15.463863696664445,
      "8.70": 7.898774428341422,
      "8.80": 6.759186410838622,
      "8.90": 7.4682114353425595,
      "9.00": 7.149595407100094,
      "9.10": 6.244481200929132,
      "9.20": 6.285657253640228,
      "9.30": 5.291488848173864,
      "9.40": 3.2757010637204615,
      "9.50": 2.7964667764240847,
      "9.60": 3.713645554593668,
      "9.70": 3.2913779382060304,
      "9.80": 2.629631461318254,
      "9.90": 3.450339783673406,
      "10.00": 2.975569901844917,
      "10.10": 2.249433431516453,
      "10.20": 3.065798285863181,
      "10.30": 1.8440155999156125,
      "10.40": 2.233958238218472,
      "10.50": 3.144654819632649,
      "10.60": 2.183549198881808,
      "10.70": 2.0705062939850394,
      "10.80": 3.2951954596760618,
      "10.90": 3.1736576670893353,
      "11.00": 2.147367725297114,
      "11.10": 3.36934504486852,
      "11.20": 3.082119588160883,
      "11.30": 3.1842755094811963,
      "11.40": 3.145370308292304,
      "11.50": 3.294339820002737,
      "11.60": 2.543659134516077,
      "11.70": 2.115165212945774,
      "11.80": 3.2149733697411094,
      "11.90": 2.640232088101032,
      "12.00": 3.1330662891822225,
      "12.10": 2.7166489001765846,
      "12.20": 3.260255888101155,
      "12.30": 2.4963456539901756,
      "12.40": 3.2657224884361407,
      "12.50": 3.1931858186482036,
      "12.60": 3.264171754788787,
      "12.70": 2.7575446385927345,
      "12.80": 2.775814164378855,
      "12.90": 2.729113424063282,
      "13.00": 3.22848831891658,
      "13.10": 3.248712246558746,
      "13.20": 2.3682401915209184,
      "13.30": 3.3003476951140303,
      "13.40": 2.918243527147777,
      "13.50": 3.2966939079604103,
      "13.60": 3.280203404920553,
      "13.70": 3.3979196650612846,
      "13.80": 3.4775033742406385,
      "13.90": 3.1121551308578326,
      "14.00": 2.89121435237983
    },
    "memory_avg_times": {
      "3.00": 2.3118199965210807e-05,
      "3.10": 2.1891150015562744e-05,