{
  "L4": {
    "flops_delay_factors": {
      "2.84": 5880264.871883473,
      "3.01": 3485119.0444773473,
      "3.16": 2765036.7277151234,
      "3.30": 1726049.8729342541,
      "3.43": 1489649.9997327984,
      "3.54": 1066503.3143072885,
      "3.64": 846231.702378469,
      "3.74": 620272.7216367803,
      "3.83": 516119.6739175432,
      "3.99": 464107.5313525872,
      "4.07": 307011.0466004278,
      "4.14": 304704.6912704982,
      "4.27": 219083.36310393698,
      "4.39": 174572.35965851077,
      "4.49": 127358.79212777945,
      "4.60": 107074.21126022762,
      "4.69": 93831.9302801002,
      "4.78": 66246.19009430414,
      "4.90": 47576.945151185355,
      "4.97": 41122.260808739076,
      "5.07": 35057.240508165625,
      "5.17": 23917.008490378073,
      "5.29": 17726.3769227196,
      "5.40": 23065.721799548555,
      "5.50": 18066.951970500962,
      "5.59": 11159.997589259297,
      "5.70": 8340.837421703014,
      "5.80": 5484.13050622692,
      "5.89": 5293.821925884041,
      "5.99": 4194.705032029181,
      "6.09": 3346.2497059404536,
      "6.19": 2373.4553792494175,
      "6.29": 2059.6458399549547,
      "6.39": 1687.4586236062107,
      "6.49": 1183.780165661288,
      "6.59": 1091.416128113633,
      "6.69": 692.3919631773982,
      "6.79": 552.1900071708707,
      "6.90": 462.29525590905433,
      "6.99": 373.5385507597615,
      "7.10": 291.37439727091675,
      "7.20": 216.50252416842568,
      "7.30": 176.8471607868467,
      "7.40": 160.68694292753946,
      "7.49": 120.9411455427471,
      "7.60": 93.13651065416234,
      "7.70": 69.97631204998237,
      "7.80": 55.74806178126433,
      "7.90": 48.448890913052196,
      "8.00": 34.58310391240344,
      "8.10": 32.67554287321016,
      "8.20": 25.64964624177676,
      "8.30": 20.41415647276804,
      "8.40": 17.153443999995943,
      "8.50": 13.9563146108709,
      "8.60": 15.463863696664445,
      "8.70": 7.898774428341422,
      "8.80": 6.759186410838622,
      "8.90": 7.4682114353425595,
      "9.00": 7.149595407100094,
      "9.10": 6.244481200929132,
      "9.20": 6.285657253640228,
      "9.30": 5.291488848173864,
      "9.40": 3.2757010637204615,
      "9.50": 2.7964667764240847,
      "9.60": 3.713645554593668,
      "9.70": 3.2913779382060304,
      "9.80": 2.629631461318254,
      "9.90": 3.450339783673406,
      "10.00": 2.975569901844917,
      "10.10": 2.249433431516453,
      "10.20": 3.065798285863181,
      "10.30": 1.8440155999156125,
      "10.40": 2.233958238218472,
      "10.50": 3.144654819632649,
      "10.60": 2.183549198881808,
      "10.70": 2.0705062939850394,
      "10.80": 3.2951954596760618,
      "10.90": 3.1736576670893353,
      "11.00": 2.147367725297114,
      "11.10": 3.36934504486852,
      "11.20": 3.082119588160883,
      "11.30": 3.1842755094811963,
      "11.40": 3.145370308292304,
      "11.50": 3.294339820002737,
      "11.60": 2.543659134516077,
      "11.70": 2.115165212945774,
      "11.80": 3.2149733697411094,
      "11.90": 2.640232088101032,
      "12.00": 3.1330662891822225,
      "12.10": 2.7166489001765846,
      "12.20": 3.260255888101155,
      "12.30": 2.4963456539901756,
      "12.40": 3.2657224884361407,
      "12.50": 3.1931858186482036,
      "12.60": 3.264171754788787,
      "12.70": 2.7575446385927345,
      "12.80": 2.775814164378855,
      "12.90": 2.729113424063282,
      "13.00": 3.22848831891658,
      "13.10": 3.248712246558746,
      "13.20": 2.3682401915209184,
      "13.30": 3.3003476951140303,
      "13.40": 2.918243527147777,
      "13.50": 3.2966939079604103,
      "13.60": 3.280203404920553,
      "13.70": 3.3979196650612846,
      "13.80": 3.4775033742406385,
      "13.90": 3.1121551308578326,
      "14.00": 2.89121435237983
    },
    "memory_delay_factors": {
      "3.00": 3467.729994781621,
      "3.10": 2610.2325137793414,
      "3.20": 2020.4356092556213,
      "3.30": 1611.6236217705641,
      "3.40": 1420.6613534868998,
      "3.50": 1054.8244781033475,
      "3.60": 825.548368078415,
      "3.70": 650.0688618462754,
      "3.80": 476.8004909178386,
      "3.90": 407.4987414741354,
      "4.00": 328.8119991111671,
      "4.10": 238.8489037777836,
      "4.20": 227.53565135350922,
      "4.30": 155.4904273554479,
      "4.40": 121.06119141152638,
      "4.50": 101.08279064243143,
      "4.60": 84.47362463482503,
      "4.70": 59.58218612637932,
      "4.80": 57.669786490648555,
      "4.90": 46.69078572860558,
      "5.00": 29.735324994817347,
      "5.10": 27.16465305082714,
      "5.20": 21.94500532296846,
      "5.30": 16.44244358989112,
      "5.40": 13.98954169762369,
      "5.50": 9.788592651500883,
      "5.60": 7.534607609397276,
      "5.70": 6.515934196773018,
      "5.80": 5.370005990668764,
      "5.90": 3.8241759073379056,
      "6.00": 3.4744425005328594,
      "6.10": 2.7342158838471264,
      "6.20": 2.149211109240632,
      "6.30": 1.6142729632184583,
      "6.40": 1.4567052421669615,
      "6.50": 1.0664059688627618,
      "6.60": 1.0097900818904717,
      "6.70": 1.1087458934230117,
      "6.80": 1.2641210060587393,
      "6.90": 1.1892011387355448,
      "7.00": 1.140414000246892,
      "7.10": 1.1776031370619422,
      "7.20": 1.1357086881982388,
      "7.30": 1.135193284623844,
      "7.40": 1.1105201653564838,
      "7.50": 1.147626713743209,
      "7.60": 1.2236213612619296,
      "7.70": 1.2949738622901446,
      "7.80": 1.3276828271244807,
      "7.90": 1.2898278372141272,
      "8.00": 1.2073711499851925,
      "8.10": 1.235089902884322,
      "8.20": 1.2496076391734732,
      "8.30": 1.2537020821830052,
      "8.40": 1.2694816929641164,
      "8.50": 1.2732497926819573,
      "8.60": 1.2796915338089265,
      "8.70": 1.277393410332933,
      "8.80": 1.289556124887859,
      "8.90": 1.290962527963059,
      "9.00": 1.2909339075042678,
      "9.10": 1.2955570100024292,
      "9.20": 1.295853261825993,
      "9.30": 1.2977424857039284,
      "9.40": 1.2956568472324417,
      "9.50": 1.299343812997656,
      "9.60": 1.2974654380906379,
      "9.70": 1.3001719084502388,
      "9.80": 1.3006124253615523,
      "9.90": 1.301574112521371,
      "10.00": 1.2997791877504596
    }
  }
}